questionable_state,rows,hit_rate,mean_pred,mean_p_adj,mean_p_cal,gap,abs_gap,brier,logloss
not_questionable,40922,0.4226821758467328,0.4006084937434122,0.39221312534546393,0.4006084937434122,-0.022073682103320613,0.022073682103320613,0.20983268821416695,0.6065371862836851
