stat,direction,rows,hit_rate,mean_pred,mean_p_adj,mean_p_cal,gap,abs_gap,brier,logloss
FG3M,OVER,2730,0.3465201465201465,0.34742591987040844,0.34285433333732307,0.34742591987040844,0.0009057733502619292,0.0009057733502619292,0.18055275021525233,0.5375037903017199
AST,OVER,3903,0.3674096848578017,0.3675561288521648,0.36342354778655356,0.3675561288521648,0.00014644399436314348,0.00014644399436314348,0.18866284457156693,0.5583532104463148
