family,n_legs,n_slips,actual_winrate,claimed_hit_prob,mean_payout,calib_gap,realized_ev_mult
Marketed,3,10,0.7,0.5115299999999999,1.9310000000000003,0.18847000000000003,1.3517000000000001
Marketed,4,10,0.4,0.29988000000000004,1.8969999999999998,0.10011999999999999,0.7587999999999999
Marketed,5,10,0.2,0.14873,2.145,0.05127000000000001,0.42900000000000005
System,3,10,0.7,0.4517220970071973,6.0,0.24827790299280267,4.199999999999999
System,4,10,0.7,0.3552602024815578,10.0,0.34473979751844214,7.0
System,5,10,0.3,0.26926017069159,20.0,0.030739829308410016,6.0
