{
  "run_dir": "data\\output\\runs\\20260302_071216",
  "legs_rows": 2841,
  "p_cal": {
    "min": 0.0280943811237752,
    "p01": 0.03591773648837876,
    "p05": 0.0826187732757823,
    "p25": 0.2074234908747738,
    "med": 0.3466088069587922,
    "p75": 0.4875614656948372,
    "p95": 0.6762260758320074,
    "max": 0.8993201359728055
  },
  "p_adj": {
    "min": 0.03,
    "p01": 0.035218552672027344,
    "p05": 0.080872293292555,
    "p25": 0.2029227192807832,
    "med": 0.3401186533872554,
    "p75": 0.4777136412758275,
    "p95": 0.6474425960149097,
    "max": 0.8990659195772797
  },
  "p_for_cal": {
    "min": 0.0280943811237752,
    "p01": 0.03591773648837876,
    "p05": 0.0826187732757823,
    "p25": 0.2074234908747738,
    "med": 0.3466088069587922,
    "p75": 0.4875614656948372,
    "p95": 0.6762260758320074,
    "max": 0.8993201359728055
  },
  "games_used": {
    "min": 20,
    "p10": 20,
    "med": 20,
    "p90": 20,
    "max": 20
  },
  "slip_files": [
    "recommended_3leg.csv",
    "recommended_3leg_winprob.csv",
    "recommended_4leg.csv",
    "recommended_4leg_winprob.csv",
    "recommended_5leg.csv",
    "recommended_5leg_winprob.csv",
    "System\\recommended_3leg.csv",
    "System\\recommended_3leg_winprob.csv",
    "System\\recommended_4leg.csv",
    "System\\recommended_4leg_winprob.csv",
    "System\\recommended_5leg.csv",
    "System\\recommended_5leg_winprob.csv",
    "Windfall\\recommended_3leg.csv",
    "Windfall\\recommended_3leg_winprob.csv",
    "Windfall\\recommended_4leg.csv",
    "Windfall\\recommended_4leg_winprob.csv",
    "Windfall\\recommended_5leg.csv",
    "Windfall\\recommended_5leg_winprob.csv"
  ],
  "slips": [
    {
      "file": "recommended_3leg.csv",
      "rows": 25,
      "hit_prob": {
        "min": 0.2990116659180699,
        "p01": 0.30133250355001157,
        "p05": 0.3092519632958067,
        "p25": 0.3207884415971919,
        "med": 0.329735705680669,
        "p75": 0.4051269248496182,
        "p95": 0.4433053294882963,
        "max": 0.455283919502059
      },
      "ev": {
        "min": 1.23631640705337,
        "p01": 1.2425156338698384,
        "p05": 1.2630963066203524,
        "p25": 1.2952069843582696,
        "med": 1.3402301829341616,
        "p75": 1.6674837379145715,
        "p95": 1.8025572813554454,
        "max": 1.8467344180686505
      }
    },
    {
      "file": "recommended_3leg_winprob.csv",
      "rows": 25,
      "hit_prob": {
        "min": 0.3086818227178269,
        "p01": 0.30936599141140264,
        "p05": 0.31156727968498776,
        "p25": 0.3203354911062278,
        "med": 0.3278046965381748,
        "p75": 0.4134793321091687,
        "p95": 0.4433053294882963,
        "max": 0.455283919502059
      },
      "ev": {
        "min": 1.8520909363069613,
        "p01": 1.8561959484684156,
        "p05": 1.8694036781099268,
        "p25": 1.922012946637367,
        "med": 1.9668281792290487,
        "p75": 2.480875992655013,
        "p95": 2.659831976929778,
        "max": 2.7317035170123543
      }
    },
    {
      "file": "recommended_4leg.csv",
      "rows": 25,
      "hit_prob": {
        "min": 0.2106226466247943,
        "p01": 0.21144543112464198,
        "p05": 0.21406542358526734,
        "p25": 0.2265509381660476,
        "med": 0.2314291844864636,
        "p75": 0.2797197393416923,
        "p95": 0.3357261594286956,
        "max": 0.3443328014683748
      },
      "ev": {
        "min": 0.9591007085070308,
        "p01": 0.9653328200603446,
        "p05": 0.9858389179108183,
        "p25": 1.024209039441057,
        "med": 1.0635462941879728,
        "p75": 1.281310845015323,
        "p95": 1.539932770852976,
        "max": 1.5846411168145915
      }
    },
    {
      "file": "recommended_4leg_winprob.csv",
      "rows": 25,
      "hit_prob": {
        "min": 0.2173085675284272,
        "p01": 0.21788038180019603,
        "p05": 0.22042474121497924,
        "p25": 0.2277819621234099,
        "med": 0.2456871875580336,
        "p75": 0.2822838194767588,
        "p95": 0.3357261594286956,
        "max": 0.3443328014683748
      },
      "ev": {
        "min": 2.173085675284273,
        "p01": 2.178803818001961,
        "p05": 2.2042474121497935,
        "p25": 2.2778196212341,
        "med": 2.4568718755803367,
        "p75": 2.822838194767588,
        "p95": 3.357261594286956,
        "max": 3.443328014683748
      }
    },
    {
      "file": "recommended_5leg.csv",
      "rows": 25,
      "hit_prob": {
        "min": 0.1500538376459716,
        "p01": 0.150123431824084,
        "p05": 0.15061285024181917,
        "p25": 0.1563950248169216,
        "med": 0.1730515275638281,
        "p75": 0.2150612213254533,
        "p95": 0.24356629224070392,
        "max": 0.2570112843412355
      },
      "ev": {
        "min": 0.9400440987645016,
        "p01": 0.9415869795771376,
        "p05": 0.946539010435716,
        "p25": 0.9749030766877584,
        "med": 1.0640014558283564,
        "p75": 1.3295029488268326,
        "p95": 1.4845419354180598,
        "max": 1.511325181549312
      }
    },
    {
      "file": "recommended_5leg_winprob.csv",
      "rows": 25,
      "hit_prob": {
        "min": 0.1500538376459716,
        "p01": 0.15044627604853908,
        "p05": 0.15224447197067884,
        "p25": 0.1563950248169216,
        "med": 0.1730515275638281,
        "p75": 0.2150612213254533,
        "p95": 0.24356629224070392,
        "max": 0.2570112843412355
      },
      "ev": {
        "min": 3.001076752919433,
        "p01": 3.008925520970782,
        "p05": 3.044889439413577,
        "p25": 3.127900496338433,
        "med": 3.4610305512765622,
        "p75": 4.301224426509067,
        "p95": 4.871325844814079,
        "max": 5.140225686824711
      }
    },
    {
      "file": "System\\recommended_3leg.csv",
      "rows": 25,
      "hit_prob": {
        "min": 0.2990116659180699,
        "p01": 0.30133250355001157,
        "p05": 0.3092519632958067,
        "p25": 0.3207884415971919,
        "med": 0.329735705680669,
        "p75": 0.4051269248496182,
        "p95": 0.4433053294882963,
        "max": 0.455283919502059
      },
      "ev": {
        "min": 1.23631640705337,
        "p01": 1.2425156338698384,
        "p05": 1.2630963066203524,
        "p25": 1.2952069843582696,
        "med": 1.3402301829341616,
        "p75": 1.6674837379145715,
        "p95": 1.8025572813554454,
        "max": 1.8467344180686505
      }
    },
    {
      "file": "System\\recommended_3leg_winprob.csv",
      "rows": 25,
      "hit_prob": {
        "min": 0.3086818227178269,
        "p01": 0.30936599141140264,
        "p05": 0.31156727968498776,
        "p25": 0.3203354911062278,
        "med": 0.3278046965381748,
        "p75": 0.4134793321091687,
        "p95": 0.4433053294882963,
        "max": 0.455283919502059
      },
      "ev": {
        "min": 1.8520909363069613,
        "p01": 1.8561959484684156,
        "p05": 1.8694036781099268,
        "p25": 1.922012946637367,
        "med": 1.9668281792290487,
        "p75": 2.480875992655013,
        "p95": 2.659831976929778,
        "max": 2.7317035170123543
      }
    },
    {
      "file": "System\\recommended_4leg.csv",
      "rows": 25,
      "hit_prob": {
        "min": 0.2106226466247943,
        "p01": 0.21144543112464198,
        "p05": 0.21406542358526734,
        "p25": 0.2265509381660476,
        "med": 0.2314291844864636,
        "p75": 0.2797197393416923,
        "p95": 0.3357261594286956,
        "max": 0.3443328014683748
      },
      "ev": {
        "min": 0.9591007085070308,
        "p01": 0.9653328200603446,
        "p05": 0.9858389179108183,
        "p25": 1.024209039441057,
        "med": 1.0635462941879728,
        "p75": 1.281310845015323,
        "p95": 1.539932770852976,
        "max": 1.5846411168145915
      }
    },
    {
      "file": "System\\recommended_4leg_winprob.csv",
      "rows": 25,
      "hit_prob": {
        "min": 0.2173085675284272,
        "p01": 0.21788038180019603,