{
  "run_dir": "data\\output\\runs\\20260302_104230",
  "legs_rows": 2896,
  "p_cal": {
    "min": 0.03,
    "p01": 0.03146075745666789,
    "p05": 0.07242611952689418,
    "p25": 0.18883064310448766,
    "med": 0.32974348643448936,
    "p75": 0.47539711719971606,
    "p95": 0.664750589548889,
    "max": 0.9101589841015898
  },
  "p_adj": {
    "min": 0.03,
    "p01": 0.030534830190601107,
    "p05": 0.0720967028494703,
    "p25": 0.18358955278714617,
    "med": 0.322183645369594,
    "p75": 0.4651003155752609,
    "p95": 0.6456266852807407,
    "max": 0.8811875583109211
  },
  "p_for_cal": {
    "min": 0.03,
    "p01": 0.03146075745666789,
    "p05": 0.07242611952689418,
    "p25": 0.18883064310448766,
    "med": 0.32974348643448936,
    "p75": 0.47539711719971606,
    "p95": 0.664750589548889,
    "max": 0.9101589841015898
  },
  "games_used": {
    "min": 25,
    "p10": 37,
    "med": 50,
    "p90": 50,
    "max": 50
  },
  "slip_files": [
    "recommended_3leg.csv",
    "recommended_3leg_winprob.csv",
    "recommended_4leg.csv",
    "recommended_4leg_winprob.csv",
    "recommended_5leg.csv",
    "recommended_5leg_winprob.csv",
    "System\\recommended_3leg.csv",
    "System\\recommended_3leg_winprob.csv",
    "System\\recommended_4leg.csv",
    "System\\recommended_4leg_winprob.csv",
    "System\\recommended_5leg.csv",
    "System\\recommended_5leg_winprob.csv",
    "Windfall\\recommended_3leg.csv",
    "Windfall\\recommended_3leg_winprob.csv",
    "Windfall\\recommended_4leg.csv",
    "Windfall\\recommended_4leg_winprob.csv",
    "Windfall\\recommended_5leg.csv",
    "Windfall\\recommended_5leg_winprob.csv"
  ],
  "slips": [
    {
      "file": "recommended_3leg.csv",
      "rows": 25,
      "hit_prob": {
        "min": 0.316125251424927,
        "p01": 0.3162480363182594,
        "p05": 0.3205378540461738,
        "p25": 0.3427006506255842,
        "med": 0.3580047256084426,
        "p75": 0.4258511242582192,
        "p95": 0.4598260728293529,
        "max": 0.4843961696441735
      },
      "ev": {
        "min": 1.2716211536566016,
        "p01": 1.2754518810500584,
        "p05": 1.3027885211023336,
        "p25": 1.4092310790855995,
        "med": 1.4559317210881415,
        "p75": 1.7469036778537368,
        "p95": 1.8460092095565166,
        "max": 1.9667545949919825
      }
    },
    {
      "file": "recommended_3leg_winprob.csv",
      "rows": 25,
      "hit_prob": {
        "min": 0.3301132984634142,
        "p01": 0.33156015074634376,
        "p05": 0.3365221166901708,
        "p25": 0.3427006506255842,
        "med": 0.3580047256084426,
        "p75": 0.4258511242582192,
        "p95": 0.4598260728293529,
        "max": 0.4843961696441735
      },
      "ev": {
        "min": 1.9806797907804847,
        "p01": 1.9893609044780622,
        "p05": 2.019132700141025,
        "p25": 2.056203903753505,
        "med": 2.148028353650656,
        "p75": 2.555106745549315,
        "p95": 2.758956436976117,
        "max": 2.906377017865041
      }
    },
    {
      "file": "recommended_4leg.csv",
      "rows": 25,
      "hit_prob": {
        "min": 0.2109430051687064,
        "p01": 0.21216556509517207,
        "p05": 0.21610466537918224,
        "p25": 0.2468633213461361,
        "med": 0.2789657211268888,
        "p75": 0.3052127029968011,
        "p95": 0.3363651170432706,
        "max": 0.3804970408928138
      },
      "ev": {
        "min": 0.976667989465672,
        "p01": 0.9790981679870894,
        "p05": 0.9883705316017108,
        "p25": 1.1266940908398055,
        "med": 1.294317326097211,
        "p75": 1.406182283293198,
        "p95": 1.5118850283340899,
        "max": 1.7215557909632206
      }
    },
    {
      "file": "recommended_4leg_winprob.csv",
      "rows": 25,
      "hit_prob": {
        "min": 0.2163753074466576,
        "p01": 0.21697401414587403,
        "p05": 0.2189216762250633,
        "p25": 0.2468633213461361,
        "med": 0.2789657211268888,
        "p75": 0.3052127029968011,
        "p95": 0.3363651170432706,
        "max": 0.3804970408928138
      },
      "ev": {
        "min": 2.1637530744665763,
        "p01": 2.1697401414587403,
        "p05": 2.1892167622506333,
        "p25": 2.468633213461361,
        "med": 2.789657211268888,
        "p75": 3.052127029968012,
        "p95": 3.363651170432706,
        "max": 3.8049704089281375
      }
    },
    {
      "file": "recommended_5leg.csv",
      "rows": 25,
      "hit_prob": {
        "min": 0.1575338192540629,
        "p01": 0.1578661365417496,
        "p05": 0.15923758180308925,
        "p25": 0.1674399136172922,
        "med": 0.1723996689570466,
        "p75": 0.2288720239582918,
        "p95": 0.26986635914703594,
        "max": 0.3185012476586533
      },
      "ev": {
        "min": 0.966989870067502,
        "p01": 0.969217692446147,
        "p05": 0.9783967731883321,
        "p25": 1.046813128540547,
        "med": 1.0745333743249288,
        "p75": 1.462084292205792,
        "p95": 1.655546078922534,
        "max": 1.970474695919649
      }
    },
    {
      "file": "recommended_5leg_winprob.csv",
      "rows": 25,
      "hit_prob": {
        "min": 0.1589184746194242,
        "p01": 0.15893565024088938,
        "p05": 0.1592948338746398,
        "p25": 0.1630522558830601,
        "med": 0.1756306813419406,
        "p75": 0.2408238067282685,
        "p95": 0.26986635914703594,
        "max": 0.3185012476586533
      },
      "ev": {
        "min": 3.178369492388484,
        "p01": 3.1787130048177876,
        "p05": 3.185896677492796,
        "p25": 3.261045117661203,
        "med": 3.5126136268388137,
        "p75": 4.81647613456537,
        "p95": 5.397327182940718,
        "max": 6.370024953173067
      }
    },
    {
      "file": "System\\recommended_3leg.csv",
      "rows": 25,
      "hit_prob": {
        "min": 0.316125251424927,
        "p01": 0.3162480363182594,
        "p05": 0.3205378540461738,
        "p25": 0.3427006506255842,
        "med": 0.3580047256084426,
        "p75": 0.4258511242582192,
        "p95": 0.4598260728293529,
        "max": 0.4843961696441735
      },
      "ev": {
        "min": 1.2716211536566016,
        "p01": 1.2754518810500584,
        "p05": 1.3027885211023336,
        "p25": 1.4092310790855995,
        "med": 1.4559317210881415,
        "p75": 1.7469036778537368,
        "p95": 1.8460092095565166,
        "max": 1.9667545949919825
      }
    },
    {
      "file": "System\\recommended_3leg_winprob.csv",
      "rows": 25,
      "hit_prob": {
        "min": 0.3301132984634142,
        "p01": 0.33156015074634376,
        "p05": 0.3365221166901708,
        "p25": 0.3427006506255842,
        "med": 0.3580047256084426,
        "p75": 0.4258511242582192,
        "p95": 0.4598260728293529,
        "max": 0.4843961696441735
      },
      "ev": {
        "min": 1.9806797907804847,
        "p01": 1.9893609044780622,
        "p05": 2.019132700141025,
        "p25": 2.056203903753505,
        "med": 2.148028353650656,
        "p75": 2.555106745549315,
        "p95": 2.758956436976117,
        "max": 2.906377017865041
      }
    },
    {
      "file": "System\\recommended_4leg.csv",
      "rows": 25,
      "hit_prob": {
        "min": 0.2109430051687064,
        "p01": 0.21216556509517207,
        "p05": 0.21610466537918224,
        "p25": 0.2468633213461361,
        "med": 0.2789657211268888,
        "p75": 0.3052127029968011,
        "p95": 0.3363651170432706,
        "max": 0.3804970408928138
      },
      "ev": {
        "min": 0.976667989465672,
        "p01": 0.9790981679870894,
        "p05": 0.9883705316017108,
        "p25": 1.1266940908398055,
        "med": 1.294317326097211,
        "p75": 1.406182283293198,
        "p95": 1.5118850283340899,
        "max": 1.7215557909632206
      }
    },
    {
      "file": "System\\recommended_4leg_winprob.csv",
      "rows": 25,
      "hit_prob": {
        "min": 0.2163753074466576,
        "p01": 0.21697401414587403,
        "p05": 0.2189216762250633,