{
  "run_dir": "data\\output\\runs\\20260302_114543",
  "legs_rows": 2962,
  "p_cal": {
    "min": 0.03,
    "p01": 0.03202363278974234,
    "p05": 0.07276225819654998,
    "p25": 0.19277770647734477,
    "med": 0.33650164212537736,
    "p75": 0.47667757423383306,
    "p95": 0.6625499918675549,
    "max": 0.9101589841015898
  },
  "p_adj": {
    "min": 0.03,
    "p01": 0.03131783265344038,
    "p05": 0.07267150405568297,
    "p25": 0.1891472483665586,
    "med": 0.3308466787886959,
    "p75": 0.46715678717902764,
    "p95": 0.6450324684127272,
    "max": 0.8811875583109211
  },
  "p_for_cal": {
    "min": 0.03,
    "p01": 0.03202363278974234,
    "p05": 0.07276225819654998,
    "p25": 0.19277770647734477,
    "med": 0.33650164212537736,
    "p75": 0.47667757423383306,
    "p95": 0.6625499918675549,
    "max": 0.9101589841015898
  },
  "games_used": {
    "min": 25,
    "p10": 37,
    "med": 50,
    "p90": 50,
    "max": 50
  },
  "slip_files": [
    "recommended_3leg.csv",
    "recommended_3leg_winprob.csv",
    "recommended_4leg.csv",
    "recommended_4leg_winprob.csv",
    "recommended_5leg.csv",
    "recommended_5leg_winprob.csv",
    "System\\recommended_3leg.csv",
    "System\\recommended_3leg_winprob.csv",
    "System\\recommended_4leg.csv",
    "System\\recommended_4leg_winprob.csv",
    "System\\recommended_5leg.csv",
    "System\\recommended_5leg_winprob.csv",
    "Windfall\\recommended_3leg.csv",
    "Windfall\\recommended_3leg_winprob.csv",
    "Windfall\\recommended_4leg.csv",
    "Windfall\\recommended_4leg_winprob.csv",
    "Windfall\\recommended_5leg.csv",
    "Windfall\\recommended_5leg_winprob.csv"
  ],
  "slips": [
    {
      "file": "recommended_3leg.csv",
      "rows": 25,
      "hit_prob": {
        "min": 0.3182498003134758,
        "p01": 0.31941175460934884,
        "p05": 0.32422268348762523,
        "p25": 0.3467045458807155,
        "med": 0.3599851817740337,
        "p75": 0.439243745744077,
        "p95": 0.45757799261996096,
        "max": 0.483615224619634
      },
      "ev": {
        "min": 1.3014592798918034,
        "p01": 1.3079198414914692,
        "p05": 1.3295097963409397,
        "p25": 1.404171959136477,
        "med": 1.478761419281741,
        "p75": 1.7965350717472002,
        "p95": 1.8430844728494593,
        "max": 1.9635837870630564
      }
    },
    {
      "file": "recommended_3leg_winprob.csv",
      "rows": 25,
      "hit_prob": {
        "min": 0.3287483112530051,
        "p01": 0.33047462095348873,
        "p05": 0.3363158310495199,
        "p25": 0.3467045458807155,
        "med": 0.365675967322138,
        "p75": 0.439243745744077,
        "p95": 0.45757799261996096,
        "max": 0.483615224619634
      },
      "ev": {
        "min": 1.972489867518031,
        "p01": 1.9828477257209325,
        "p05": 2.017894986297119,
        "p25": 2.080227275284293,
        "med": 2.194055803932828,
        "p75": 2.635462474464462,
        "p95": 2.745467955719766,
        "max": 2.9016913477178043
      }
    },
    {
      "file": "recommended_4leg.csv",
      "rows": 25,
      "hit_prob": {
        "min": 0.2224107731724862,
        "p01": 0.22336199414722285,
        "p05": 0.22746562030676712,
        "p25": 0.2359709270831004,
        "med": 0.25411730332006,
        "p75": 0.303984750997323,
        "p95": 0.33062347715320556,
        "max": 0.3800149240909802
      },
      "ev": {
        "min": 1.0343657524347636,
        "p01": 1.0362291396752046,
        "p05": 1.0438826445936595,
        "p25": 1.0947047001083503,
        "med": 1.1820692647518882,
        "p75": 1.388353223426154,
        "p95": 1.4855351226308824,
        "max": 1.7193744573839376
      }
    },
    {
      "file": "recommended_4leg_winprob.csv",
      "rows": 25,
      "hit_prob": {
        "min": 0.2288681361673312,
        "p01": 0.2295055570784511,
        "p05": 0.2315855104905873,
        "p25": 0.2359709270831004,
        "med": 0.2542957371537022,
        "p75": 0.3054003810293408,
        "p95": 0.33062347715320556,
        "max": 0.3800149240909802
      },
      "ev": {
        "min": 2.2886813616733126,
        "p01": 2.2950555707845117,
        "p05": 2.3158551049058733,
        "p25": 2.359709270831005,
        "med": 2.542957371537022,
        "p75": 3.054003810293408,
        "p95": 3.3062347715320555,
        "max": 3.800149240909802
      }
    },
    {
      "file": "recommended_5leg.csv",
      "rows": 25,
      "hit_prob": {
        "min": 0.1425740252226776,
        "p01": 0.14446469915285173,
        "p05": 0.15116336766338412,
        "p25": 0.1591355454448274,
        "med": 0.1773926480291149,
        "p75": 0.2154395862851763,
        "p95": 0.2707473513539648,
        "max": 0.3181356816270105
      },
      "ev": {
        "min": 0.8974843938135241,
        "p01": 0.9090170901026341,
        "p05": 0.9462246884645199,
        "p25": 0.98209286038205,
        "med": 1.095383404976784,
        "p75": 1.3125929305237254,
        "p95": 1.635817497937258,
        "max": 1.9647608165560784
      }
    },
    {
      "file": "recommended_5leg_winprob.csv",
      "rows": 25,
      "hit_prob": {
        "min": 0.1518640679989027,
        "p01": 0.15237897294075992,
        "p05": 0.15424304369297237,
        "p25": 0.1630775361226235,
        "med": 0.1775087045773946,
        "p75": 0.2154395862851763,
        "p95": 0.2707473513539648,
        "max": 0.3181356816270105
      },
      "ev": {
        "min": 3.037281359978055,
        "p01": 3.0475794588151994,
        "p05": 3.084860873859449,
        "p25": 3.261550722452471,
        "med": 3.550174091547893,
        "p75": 4.308791725703527,
        "p95": 5.414947027079298,
        "max": 6.36271363254021
      }
    },
    {
      "file": "System\\recommended_3leg.csv",
      "rows": 25,
      "hit_prob": {
        "min": 0.3182498003134758,
        "p01": 0.31941175460934884,
        "p05": 0.32422268348762523,
        "p25": 0.3467045458807155,
        "med": 0.3599851817740337,
        "p75": 0.439243745744077,
        "p95": 0.45757799261996096,
        "max": 0.483615224619634
      },
      "ev": {
        "min": 1.3014592798918034,
        "p01": 1.3079198414914692,
        "p05": 1.3295097963409397,
        "p25": 1.404171959136477,
        "med": 1.478761419281741,
        "p75": 1.7965350717472002,
        "p95": 1.8430844728494593,
        "max": 1.9635837870630564
      }
    },
    {
      "file": "System\\recommended_3leg_winprob.csv",
      "rows": 25,
      "hit_prob": {
        "min": 0.3287483112530051,
        "p01": 0.33047462095348873,
        "p05": 0.3363158310495199,
        "p25": 0.3467045458807155,
        "med": 0.365675967322138,
        "p75": 0.439243745744077,
        "p95": 0.45757799261996096,
        "max": 0.483615224619634
      },
      "ev": {
        "min": 1.972489867518031,
        "p01": 1.9828477257209325,
        "p05": 2.017894986297119,
        "p25": 2.080227275284293,
        "med": 2.194055803932828,
        "p75": 2.635462474464462,
        "p95": 2.745467955719766,
        "max": 2.9016913477178043
      }
    },
    {
      "file": "System\\recommended_4leg.csv",
      "rows": 25,
      "hit_prob": {
        "min": 0.2224107731724862,
        "p01": 0.22336199414722285,
        "p05": 0.22746562030676712,
        "p25": 0.2359709270831004,
        "med": 0.25411730332006,
        "p75": 0.303984750997323,
        "p95": 0.33062347715320556,
        "max": 0.3800149240909802
      },
      "ev": {
        "min": 1.0343657524347636,
        "p01": 1.0362291396752046,
        "p05": 1.0438826445936595,
        "p25": 1.0947047001083503,
        "med": 1.1820692647518882,
        "p75": 1.388353223426154,
        "p95": 1.4855351226308824,
        "max": 1.7193744573839376
      }
    },
    {
      "file": "System\\recommended_4leg_winprob.csv",
      "rows": 25,
      "hit_prob": {
        "min": 0.2288681361673312,
        "p01": 0.2295055570784511,
        "p05": 0.2315855104905873,