{
  "run_dir": "data\\output\\runs\\20260302_170345",
  "legs_rows": 2986,
  "p_cal": {
    "min": 0.0123487651234876,
    "p01": 0.030374342850517162,
    "p05": 0.07043273403371203,
    "p25": 0.18849122700361076,
    "med": 0.330226559763157,
    "p75": 0.48675441136644304,
    "p95": 0.6886099550393282,
    "max": 0.9663533646635336
  },
  "p_adj": {
    "min": 0.03,
    "p01": 0.03,
    "p05": 0.07036759265513536,
    "p25": 0.18322688048597024,
    "med": 0.32274972306149674,
    "p75": 0.4731875706075515,
    "p95": 0.6739484879888908,
    "max": 0.8811875583109211
  },
  "p_for_cal": {
    "min": 0.0123487651234876,
    "p01": 0.030374342850517162,
    "p05": 0.07043273403371203,
    "p25": 0.18849122700361076,
    "med": 0.330226559763157,
    "p75": 0.48675441136644304,
    "p95": 0.6886099550393282,
    "max": 0.9663533646635336
  },
  "games_used": {
    "min": 25,
    "p10": 37,
    "med": 50,
    "p90": 50,
    "max": 50
  },
  "slip_files": [
    "recommended_3leg.csv",
    "recommended_3leg_winprob.csv",
    "recommended_4leg.csv",
    "recommended_4leg_winprob.csv",
    "recommended_5leg.csv",
    "recommended_5leg_winprob.csv",
    "System\\recommended_3leg.csv",
    "System\\recommended_3leg_winprob.csv",
    "System\\recommended_4leg.csv",
    "System\\recommended_4leg_winprob.csv",
    "System\\recommended_5leg.csv",
    "System\\recommended_5leg_winprob.csv",
    "Windfall\\recommended_3leg.csv",
    "Windfall\\recommended_3leg_winprob.csv",
    "Windfall\\recommended_4leg.csv",
    "Windfall\\recommended_4leg_winprob.csv",
    "Windfall\\recommended_5leg.csv",
    "Windfall\\recommended_5leg_winprob.csv"
  ],
  "slips": [
    {
      "file": "recommended_3leg.csv",
      "rows": 25,
      "hit_prob": {
        "min": 0.3445514262359843,
        "p01": 0.34478871497929464,
        "p05": 0.3465191897465952,
        "p25": 0.3661496935814772,
        "med": 0.3859434050570471,
        "p75": 0.4762763011344903,
        "p95": 0.5175871960440034,
        "max": 0.5462685493351132
      },
      "ev": {
        "min": 1.3877346035035965,
        "p01": 1.3899173756854244,
        "p05": 1.3990030126745434,
        "p25": 1.4981574167698952,
        "med": 1.5539800193181366,
        "p75": 1.9503282687182275,
        "p95": 2.113033585222488,
        "max": 2.2030075145968
      }
    },
    {
      "file": "recommended_3leg_winprob.csv",
      "rows": 25,
      "hit_prob": {
        "min": 0.3368763603350838,
        "p01": 0.337661076215955,
        "p05": 0.3422038941510777,
        "p25": 0.3703480740700149,
        "med": 0.4050253219787703,
        "p75": 0.4929155744713746,
        "p95": 0.5175871960440034,
        "max": 0.5462685493351132
      },
      "ev": {
        "min": 2.0212581620105032,
        "p01": 2.0259664572957305,
        "p05": 2.0532233649064664,
        "p25": 2.22208844442009,
        "med": 2.4301519318726217,
        "p75": 2.957493446828248,
        "p95": 3.10552317626402,
        "max": 3.277611296010679
      }
    },
    {
      "file": "recommended_4leg.csv",
      "rows": 25,
      "hit_prob": {
        "min": 0.2403480655160951,
        "p01": 0.24124586556935076,
        "p05": 0.2443658350380249,
        "p25": 0.2766698830136785,
        "med": 0.3018286585280074,
        "p75": 0.3740526078591582,
        "p95": 0.4190782652392649,
        "max": 0.4373627244177949
      },
      "ev": {
        "min": 1.1007372823896795,
        "p01": 1.1015499584336879,
        "p05": 1.1068558072462016,
        "p25": 1.2516609372981256,
        "med": 1.3759017500065434,
        "p75": 1.7155719135845802,
        "p95": 1.9370101893520353,
        "max": 2.000193088486096
      }
    },
    {
      "file": "recommended_4leg_winprob.csv",
      "rows": 25,
      "hit_prob": {
        "min": 0.2418261862790108,
        "p01": 0.2423692373491667,
        "p05": 0.24520835488700876,
        "p25": 0.2766698830136785,
        "med": 0.3018286585280074,
        "p75": 0.3740526078591582,
        "p95": 0.4190782652392649,
        "max": 0.4373627244177949
      },
      "ev": {
        "min": 2.418261862790109,
        "p01": 2.4236923734916678,
        "p05": 2.452083548870088,
        "p25": 2.766698830136786,
        "med": 3.018286585280074,
        "p75": 3.740526078591582,
        "p95": 4.190782652392649,
        "max": 4.373627244177949
      }
    },
    {
      "file": "recommended_5leg.csv",
      "rows": 25,
      "hit_prob": {
        "min": 0.1594035495426397,
        "p01": 0.1617307753627727,
        "p05": 0.170023097149116,
        "p25": 0.1906908840114628,
        "med": 0.2126751925022429,
        "p75": 0.292666095252366,
        "p95": 0.3125126463541126,
        "max": 0.3589413504279236
      },
      "ev": {
        "min": 0.994815870008714,
        "p01": 1.003321874108478,
        "p05": 1.0386903798731768,
        "p25": 1.1594549273812431,
        "med": 1.2810295631923507,
        "p75": 1.8011516158432694,
        "p95": 1.8952785433296995,
        "max": 2.2140318455890955
      }
    },
    {
      "file": "recommended_5leg_winprob.csv",
      "rows": 25,
      "hit_prob": {
        "min": 0.1691003237931939,
        "p01": 0.16932097146754274,
        "p05": 0.1706825733342345,
        "p25": 0.1820347485531541,
        "med": 0.2126751925022429,
        "p75": 0.2960768868590837,
        "p95": 0.3125787297577311,
        "max": 0.3589413504279236
      },
      "ev": {
        "min": 3.382006475863879,
        "p01": 3.3864194293508563,
        "p05": 3.413651466684691,
        "p25": 3.640694971063084,
        "med": 4.253503850044859,
        "p75": 5.921537737181675,
        "p95": 6.251574595154623,
        "max": 7.178827008558471
      }
    },
    {
      "file": "System\\recommended_3leg.csv",
      "rows": 25,
      "hit_prob": {
        "min": 0.3445514262359843,
        "p01": 0.34478871497929464,
        "p05": 0.3465191897465952,
        "p25": 0.3661496935814772,
        "med": 0.3859434050570471,
        "p75": 0.4762763011344903,
        "p95": 0.5175871960440034,
        "max": 0.5462685493351132
      },
      "ev": {
        "min": 1.3877346035035965,
        "p01": 1.3899173756854244,
        "p05": 1.3990030126745434,
        "p25": 1.4981574167698952,
        "med": 1.5539800193181366,
        "p75": 1.9503282687182275,
        "p95": 2.113033585222488,
        "max": 2.2030075145968
      }
    },
    {
      "file": "System\\recommended_3leg_winprob.csv",
      "rows": 25,
      "hit_prob": {
        "min": 0.3368763603350838,
        "p01": 0.337661076215955,
        "p05": 0.3422038941510777,
        "p25": 0.3703480740700149,
        "med": 0.4050253219787703,
        "p75": 0.4929155744713746,
        "p95": 0.5175871960440034,
        "max": 0.5462685493351132
      },
      "ev": {
        "min": 2.0212581620105032,
        "p01": 2.0259664572957305,
        "p05": 2.0532233649064664,
        "p25": 2.22208844442009,
        "med": 2.4301519318726217,
        "p75": 2.957493446828248,
        "p95": 3.10552317626402,
        "max": 3.277611296010679
      }
    },
    {
      "file": "System\\recommended_4leg.csv",
      "rows": 25,
      "hit_prob": {
        "min": 0.2403480655160951,
        "p01": 0.24124586556935076,
        "p05": 0.2443658350380249,
        "p25": 0.2766698830136785,
        "med": 0.3018286585280074,
        "p75": 0.3740526078591582,
        "p95": 0.4190782652392649,
        "max": 0.4373627244177949
      },
      "ev": {
        "min": 1.1007372823896795,
        "p01": 1.1015499584336879,
        "p05": 1.1068558072462016,
        "p25": 1.2516609372981256,
        "med": 1.3759017500065434,
        "p75": 1.7155719135845802,
        "p95": 1.9370101893520353,
        "max": 2.000193088486096
      }
    },
    {
      "file": "System\\recommended_4leg_winprob.csv",
      "rows": 25,
      "hit_prob": {
        "min": 0.2418261862790108,
        "p01": 0.2423692373491667,
        "p05": 0.24520835488700876,