{
  "run_dir": "data\\output\\runs\\20260302_151815",
  "legs_rows": 3050,
  "p_cal": {
    "min": 0.03,
    "p01": 0.03219383018383043,
    "p05": 0.07318594896270614,
    "p25": 0.1891472483665586,
    "med": 0.32803510489737453,
    "p75": 0.47343880432946117,
    "p95": 0.6589563698892865,
    "max": 0.9101589841015898
  },
  "p_adj": {
    "min": 0.03,
    "p01": 0.03126738860524244,
    "p05": 0.07270414497499722,
    "p25": 0.18436205192759036,
    "med": 0.32193549356945317,
    "p75": 0.4625346829933839,
    "p95": 0.6427626712295114,
    "max": 0.8811875583109211
  },
  "p_for_cal": {
    "min": 0.03,
    "p01": 0.03219383018383043,
    "p05": 0.07318594896270614,
    "p25": 0.1891472483665586,
    "med": 0.32803510489737453,
    "p75": 0.47343880432946117,
    "p95": 0.6589563698892865,
    "max": 0.9101589841015898
  },
  "games_used": {
    "min": 25,
    "p10": 37,
    "med": 50,
    "p90": 50,
    "max": 50
  },
  "slip_files": [
    "recommended_3leg.csv",
    "recommended_3leg_winprob.csv",
    "recommended_4leg.csv",
    "recommended_4leg_winprob.csv",
    "recommended_5leg.csv",
    "recommended_5leg_winprob.csv",
    "System\\recommended_3leg.csv",
    "System\\recommended_3leg_winprob.csv",
    "System\\recommended_4leg.csv",
    "System\\recommended_4leg_winprob.csv",
    "System\\recommended_5leg.csv",
    "System\\recommended_5leg_winprob.csv",
    "Windfall\\recommended_3leg.csv",
    "Windfall\\recommended_3leg_winprob.csv",
    "Windfall\\recommended_4leg.csv",
    "Windfall\\recommended_4leg_winprob.csv",
    "Windfall\\recommended_5leg.csv",
    "Windfall\\recommended_5leg_winprob.csv"
  ],
  "slips": [
    {
      "file": "recommended_3leg.csv",
      "rows": 25,
      "hit_prob": {
        "min": 0.3166670761095692,
        "p01": 0.3175914351413438,
        "p05": 0.3223860347429684,
        "p25": 0.3385913973826371,
        "med": 0.3610276492493977,
        "p75": 0.4393974977115505,
        "p95": 0.4594089756111769,
        "max": 0.4893466340390906
      },
      "ev": {
        "min": 1.28042099319299,
        "p01": 1.2897796078282657,
        "p05": 1.3199160371740377,
        "p25": 1.3809754995071444,
        "med": 1.4814942339500634,
        "p75": 1.8003893218026423,
        "p95": 1.8507183650624324,
        "max": 1.9868545652357597
      }
    },
    {
      "file": "recommended_3leg_winprob.csv",
      "rows": 25,
      "hit_prob": {
        "min": 0.3166670761095692,
        "p01": 0.3175914351413438,
        "p05": 0.3223860347429684,
        "p25": 0.3438451672639745,
        "med": 0.3709174400623566,
        "p75": 0.441658675779387,
        "p95": 0.4594089756111769,
        "max": 0.4893466340390906
      },
      "ev": {
        "min": 1.9000024566574152,
        "p01": 1.905548610848063,
        "p05": 1.9343162084578107,
        "p25": 2.0630710035838478,
        "med": 2.22550464037414,
        "p75": 2.649952054676322,
        "p95": 2.7564538536670615,
        "max": 2.936079804234544
      }
    },
    {
      "file": "recommended_4leg.csv",
      "rows": 25,
      "hit_prob": {
        "min": 0.2182498602988888,
        "p01": 0.2195751780907649,
        "p05": 0.2237934808824464,
        "p25": 0.2419577435343261,
        "med": 0.2495179298189434,
        "p75": 0.316987545168852,
        "p95": 0.36235463654022776,
        "max": 0.384518548056049
      },
      "ev": {
        "min": 1.0111745219921795,
        "p01": 1.0115070025720352,
        "p05": 1.0131725435423713,
        "p25": 1.1225405040946117,
        "med": 1.1430595090174676,
        "p75": 1.4414898647450407,
        "p95": 1.6661955003736282,
        "max": 1.739751067670295
      }
    },
    {
      "file": "recommended_4leg_winprob.csv",
      "rows": 25,
      "hit_prob": {
        "min": 0.2237720177650393,
        "p01": 0.22379777350592783,
        "p05": 0.22392721056273854,
        "p25": 0.2443598761241613,
        "med": 0.2632217352702774,
        "p75": 0.316987545168852,
        "p95": 0.36235463654022776,
        "max": 0.384518548056049
      },
      "ev": {
        "min": 2.237720177650394,
        "p01": 2.237977735059279,
        "p05": 2.2392721056273857,
        "p25": 2.443598761241614,
        "med": 2.6322173527027743,
        "p75": 3.16987545168852,
        "p95": 3.623546365402277,
        "max": 3.845185480560491
      }
    },
    {
      "file": "recommended_5leg.csv",
      "rows": 25,
      "hit_prob": {
        "min": 0.1497349244712123,
        "p01": 0.1499424940252009,
        "p05": 0.15076666252232868,
        "p25": 0.1675584608237539,
        "med": 0.1877661938011665,
        "p75": 0.233836911247325,
        "p95": 0.2737085494108896,
        "max": 0.3218675157535461
      },
      "ev": {
        "min": 0.9337468843685232,
        "p01": 0.9351834866666234,
        "p05": 0.940160991122334,
        "p25": 1.0310055038749388,
        "med": 1.1622202879820691,
        "p75": 1.4679490191599456,
        "p95": 1.6617896455859311,
        "max": 1.991300818735271
      }
    },
    {
      "file": "recommended_5leg_winprob.csv",
      "rows": 25,
      "hit_prob": {
        "min": 0.1462505508892962,
        "p01": 0.14708680054895606,
        "p05": 0.14990789909953614,
        "p25": 0.1727869767833474,
        "med": 0.1874322926956279,
        "p75": 0.2399675600823885,
        "p95": 0.2737085494108896,
        "max": 0.3218675157535461
      },
      "ev": {
        "min": 2.925011017785924,
        "p01": 2.9417360109791217,
        "p05": 2.9981579819907234,
        "p25": 3.4557395356669494,
        "med": 3.748645853912558,
        "p75": 4.799351201647771,
        "p95": 5.474170988217792,
        "max": 6.437350315070924
      }
    },
    {
      "file": "System\\recommended_3leg.csv",
      "rows": 25,
      "hit_prob": {
        "min": 0.3166670761095692,
        "p01": 0.3175914351413438,
        "p05": 0.3223860347429684,
        "p25": 0.3385913973826371,
        "med": 0.3610276492493977,
        "p75": 0.4393974977115505,
        "p95": 0.4594089756111769,
        "max": 0.4893466340390906
      },
      "ev": {
        "min": 1.28042099319299,
        "p01": 1.2897796078282657,
        "p05": 1.3199160371740377,
        "p25": 1.3809754995071444,
        "med": 1.4814942339500634,
        "p75": 1.8003893218026423,
        "p95": 1.8507183650624324,
        "max": 1.9868545652357597
      }
    },
    {
      "file": "System\\recommended_3leg_winprob.csv",
      "rows": 25,
      "hit_prob": {
        "min": 0.3166670761095692,
        "p01": 0.3175914351413438,
        "p05": 0.3223860347429684,
        "p25": 0.3438451672639745,
        "med": 0.3709174400623566,
        "p75": 0.441658675779387,
        "p95": 0.4594089756111769,
        "max": 0.4893466340390906
      },
      "ev": {
        "min": 1.9000024566574152,
        "p01": 1.905548610848063,
        "p05": 1.9343162084578107,
        "p25": 2.0630710035838478,
        "med": 2.22550464037414,
        "p75": 2.649952054676322,
        "p95": 2.7564538536670615,
        "max": 2.936079804234544
      }
    },
    {
      "file": "System\\recommended_4leg.csv",
      "rows": 25,
      "hit_prob": {
        "min": 0.2182498602988888,
        "p01": 0.2195751780907649,
        "p05": 0.2237934808824464,
        "p25": 0.2419577435343261,
        "med": 0.2495179298189434,
        "p75": 0.316987545168852,
        "p95": 0.36235463654022776,
        "max": 0.384518548056049
      },
      "ev": {
        "min": 1.0111745219921795,
        "p01": 1.0115070025720352,
        "p05": 1.0131725435423713,
        "p25": 1.1225405040946117,
        "med": 1.1430595090174676,
        "p75": 1.4414898647450407,
        "p95": 1.6661955003736282,
        "max": 1.739751067670295
      }
    },
    {
      "file": "System\\recommended_4leg_winprob.csv",
      "rows": 25,
      "hit_prob": {
        "min": 0.2237720177650393,
        "p01": 0.22379777350592783,
        "p05": 0.22392721056273854,