{
  "run_dir": "data\\output\\runs\\20260302_155357",
  "legs_rows": 2963,
  "p_cal": {
    "min": 0.0123487651234876,
    "p01": 0.0308254266942447,
    "p05": 0.0713809402627526,
    "p25": 0.1899881570086495,
    "med": 0.3318222212519319,
    "p75": 0.48763980401873125,
    "p95": 0.6881290387012345,
    "max": 0.9101589841015898
  },
  "p_adj": {
    "min": 0.03,
    "p01": 0.03,
    "p05": 0.0713809402627526,
    "p25": 0.1867555659632517,
    "med": 0.3250695642316678,
    "p75": 0.4734431421690096,
    "p95": 0.6734248045812138,
    "max": 0.8811875583109211
  },
  "p_for_cal": {
    "min": 0.0123487651234876,
    "p01": 0.0308254266942447,
    "p05": 0.0713809402627526,
    "p25": 0.1899881570086495,
    "med": 0.3318222212519319,
    "p75": 0.48763980401873125,
    "p95": 0.6881290387012345,
    "max": 0.9101589841015898
  },
  "games_used": {
    "min": 25,
    "p10": 37,
    "med": 50,
    "p90": 50,
    "max": 50
  },
  "slip_files": [
    "recommended_3leg.csv",
    "recommended_3leg_winprob.csv",
    "recommended_4leg.csv",
    "recommended_4leg_winprob.csv",
    "recommended_5leg.csv",
    "recommended_5leg_winprob.csv",
    "System\\recommended_3leg.csv",
    "System\\recommended_3leg_winprob.csv",
    "System\\recommended_4leg.csv",
    "System\\recommended_4leg_winprob.csv",
    "System\\recommended_5leg.csv",
    "System\\recommended_5leg_winprob.csv",
    "Windfall\\recommended_3leg.csv",
    "Windfall\\recommended_3leg_winprob.csv",
    "Windfall\\recommended_4leg.csv",
    "Windfall\\recommended_4leg_winprob.csv",
    "Windfall\\recommended_5leg.csv",
    "Windfall\\recommended_5leg_winprob.csv"
  ],
  "slips": [
    {
      "file": "recommended_3leg.csv",
      "rows": 25,
      "hit_prob": {
        "min": 0.3344545805411167,
        "p01": 0.3354732508469907,
        "p05": 0.3396807543612158,
        "p25": 0.3557815524492553,
        "med": 0.4013247338452268,
        "p75": 0.4689413255485044,
        "p95": 0.5027982829077073,
        "max": 0.5124439489603146
      },
      "ev": {
        "min": 1.350147912719173,
        "p01": 1.35315038105407,
        "p05": 1.3655326088031325,
        "p25": 1.452511087827513,
        "med": 1.643405249200385,
        "p75": 1.897873560199351,
        "p95": 2.0448904940788144,
        "max": 2.076151257440752
      }
    },
    {
      "file": "recommended_3leg_winprob.csv",
      "rows": 25,
      "hit_prob": {
        "min": 0.338699040148925,
        "p01": 0.3387629289257637,
        "p05": 0.3398937169506782,
        "p25": 0.3557815524492553,
        "med": 0.4013247338452268,
        "p75": 0.4770070726588092,
        "p95": 0.5027982829077073,
        "max": 0.5124439489603146
      },
      "ev": {
        "min": 2.03219424089355,
        "p01": 2.0325775735545824,
        "p05": 2.0393623017040694,
        "p25": 2.134689314695532,
        "med": 2.407948403071361,
        "p75": 2.862042435952856,
        "p95": 3.0167896974462445,
        "max": 3.074663693761888
      }
    },
    {
      "file": "recommended_4leg.csv",
      "rows": 25,
      "hit_prob": {
        "min": 0.2432137377531958,
        "p01": 0.2432892038682559,
        "p05": 0.2454620055876653,
        "p25": 0.2642077374116641,
        "med": 0.2802761471949052,
        "p75": 0.3541493173933677,
        "p95": 0.3939089971696826,
        "max": 0.4278821426693264
      },
      "ev": {
        "min": 1.114977564018311,
        "p01": 1.1149865673048316,
        "p05": 1.1200657190594359,
        "p25": 1.2023461443580763,
        "med": 1.2681867872377568,
        "p75": 1.6171418032510445,
        "p95": 1.796911972262854,
        "max": 1.924069516731422
      }
    },
    {
      "file": "recommended_4leg_winprob.csv",
      "rows": 25,
      "hit_prob": {
        "min": 0.2449975797860606,
        "p01": 0.24541615549330592,
        "p05": 0.2470894053243463,
        "p25": 0.2618053706267187,
        "med": 0.2802761471949052,
        "p75": 0.363232337969136,
        "p95": 0.3939089971696826,
        "max": 0.4278821426693264
      },
      "ev": {
        "min": 2.449975797860606,
        "p01": 2.454161554933059,
        "p05": 2.470894053243464,
        "p25": 2.618053706267187,
        "med": 2.802761471949053,
        "p75": 3.63232337969136,
        "p95": 3.939089971696826,
        "max": 4.2788214266932645
      }
    },
    {
      "file": "recommended_5leg.csv",
      "rows": 25,
      "hit_prob": {
        "min": 0.1666854961836748,
        "p01": 0.16786409144856804,
        "p05": 0.17193413381109218,
        "p25": 0.1818759105673144,
        "med": 0.2065903000343257,
        "p75": 0.2767415596211083,
        "p95": 0.30575377733636966,
        "max": 0.3090532438885747
      },
      "ev": {
        "min": 1.0495400036453686,
        "p01": 1.0510665992646786,
        "p05": 1.056202798910388,
        "p25": 1.120105727522797,
        "med": 1.2506077172032743,
        "p75": 1.7273465308173754,
        "p95": 1.8561799859672046,
        "max": 1.893249750479844
      }
    },
    {
      "file": "recommended_5leg_winprob.csv",
      "rows": 25,
      "hit_prob": {
        "min": 0.1732854299058741,
        "p01": 0.1742667419350488,
        "p05": 0.17755275767991058,
        "p25": 0.182718935174593,
        "med": 0.2065903000343257,
        "p75": 0.287410607281598,
        "p95": 0.30575377733636966,
        "max": 0.3090532438885747
      },
      "ev": {
        "min": 3.4657085981174838,
        "p01": 3.4853348387009775,
        "p05": 3.551055153598213,
        "p25": 3.654378703491861,
        "med": 4.131806000686514,
        "p75": 5.748212145631961,
        "p95": 6.115075546727394,
        "max": 6.181064877771495
      }
    },
    {
      "file": "System\\recommended_3leg.csv",
      "rows": 25,
      "hit_prob": {
        "min": 0.3344545805411167,
        "p01": 0.3354732508469907,
        "p05": 0.3396807543612158,
        "p25": 0.3557815524492553,
        "med": 0.4013247338452268,
        "p75": 0.4689413255485044,
        "p95": 0.5027982829077073,
        "max": 0.5124439489603146
      },
      "ev": {
        "min": 1.350147912719173,
        "p01": 1.35315038105407,
        "p05": 1.3655326088031325,
        "p25": 1.452511087827513,
        "med": 1.643405249200385,
        "p75": 1.897873560199351,
        "p95": 2.0448904940788144,
        "max": 2.076151257440752
      }
    },
    {
      "file": "System\\recommended_3leg_winprob.csv",
      "rows": 25,
      "hit_prob": {
        "min": 0.338699040148925,
        "p01": 0.3387629289257637,
        "p05": 0.3398937169506782,
        "p25": 0.3557815524492553,
        "med": 0.4013247338452268,
        "p75": 0.4770070726588092,
        "p95": 0.5027982829077073,
        "max": 0.5124439489603146
      },
      "ev": {
        "min": 2.03219424089355,
        "p01": 2.0325775735545824,
        "p05": 2.0393623017040694,
        "p25": 2.134689314695532,
        "med": 2.407948403071361,
        "p75": 2.862042435952856,
        "p95": 3.0167896974462445,
        "max": 3.074663693761888
      }
    },
    {
      "file": "System\\recommended_4leg.csv",
      "rows": 25,
      "hit_prob": {
        "min": 0.2432137377531958,
        "p01": 0.2432892038682559,
        "p05": 0.2454620055876653,
        "p25": 0.2642077374116641,
        "med": 0.2802761471949052,
        "p75": 0.3541493173933677,
        "p95": 0.3939089971696826,
        "max": 0.4278821426693264
      },
      "ev": {
        "min": 1.114977564018311,
        "p01": 1.1149865673048316,
        "p05": 1.1200657190594359,
        "p25": 1.2023461443580763,
        "med": 1.2681867872377568,
        "p75": 1.6171418032510445,
        "p95": 1.796911972262854,
        "max": 1.924069516731422
      }
    },
    {
      "file": "System\\recommended_4leg_winprob.csv",
      "rows": 25,
      "hit_prob": {
        "min": 0.2449975797860606,
        "p01": 0.24541615549330592,
        "p05": 0.2470894053243463,