{
  "run_dir": "data\\output\\runs\\20260302_100112",
  "legs_rows": 2898,
  "p_cal": {
    "min": 0.03,
    "p01": 0.03146916479803421,
    "p05": 0.07226607761552807,
    "p25": 0.18882969553684076,
    "med": 0.32976740155632983,
    "p75": 0.47510278197297157,
    "p95": 0.66397960728337,
    "max": 0.9101589841015898
  },
  "p_adj": {
    "min": 0.03,
    "p01": 0.030536282320490025,
    "p05": 0.07171152591871217,
    "p25": 0.1834573947407487,
    "med": 0.3220682764093749,
    "p75": 0.46437790878977026,
    "p95": 0.6450914257975588,
    "max": 0.8811875583109211
  },
  "p_for_cal": {
    "min": 0.03,
    "p01": 0.03146916479803421,
    "p05": 0.07226607761552807,
    "p25": 0.18882969553684076,
    "med": 0.32976740155632983,
    "p75": 0.47510278197297157,
    "p95": 0.66397960728337,
    "max": 0.9101589841015898
  },
  "games_used": {
    "min": 25,
    "p10": 37,
    "med": 50,
    "p90": 50,
    "max": 50
  },
  "slip_files": [
    "recommended_3leg.csv",
    "recommended_3leg_winprob.csv",
    "recommended_4leg.csv",
    "recommended_4leg_winprob.csv",
    "recommended_5leg.csv",
    "recommended_5leg_winprob.csv",
    "System\\recommended_3leg.csv",
    "System\\recommended_3leg_winprob.csv",
    "System\\recommended_4leg.csv",
    "System\\recommended_4leg_winprob.csv",
    "System\\recommended_5leg.csv",
    "System\\recommended_5leg_winprob.csv",
    "Windfall\\recommended_3leg.csv",
    "Windfall\\recommended_3leg_winprob.csv",
    "Windfall\\recommended_4leg.csv",
    "Windfall\\recommended_4leg_winprob.csv",
    "Windfall\\recommended_5leg.csv",
    "Windfall\\recommended_5leg_winprob.csv"
  ],
  "slips": [
    {
      "file": "recommended_3leg.csv",
      "rows": 25,
      "hit_prob": {
        "min": 0.3148132727423692,
        "p01": 0.31549154711623106,
        "p05": 0.32023699341066614,
        "p25": 0.3356919674623238,
        "med": 0.3587363873681853,
        "p75": 0.4387242495435037,
        "p95": 0.4746287982719116,
        "max": 0.4843961696441735
      },
      "ev": {
        "min": 1.2765316414912986,
        "p01": 1.2768149072856076,
        "p05": 1.2890524835141357,
        "p25": 1.3754658066597374,
        "med": 1.470318782891667,
        "p75": 1.7603936614666904,
        "p95": 1.9237647526906614,
        "max": 1.9667545949919825
      }
    },
    {
      "file": "recommended_3leg_winprob.csv",
      "rows": 25,
      "hit_prob": {
        "min": 0.3176394159667937,
        "p01": 0.3208324564374065,
        "p05": 0.3309692909031972,
        "p25": 0.3362407662788096,
        "med": 0.3587363873681853,
        "p75": 0.4387242495435037,
        "p95": 0.4746287982719116,
        "max": 0.4843961696441735
      },
      "ev": {
        "min": 1.905836495800762,
        "p01": 1.9249947386244388,
        "p05": 1.9858157454191832,
        "p25": 2.0174445976728577,
        "med": 2.152418324209112,
        "p75": 2.632345497261022,
        "p95": 2.84777278963147,
        "max": 2.906377017865041
      }
    },
    {
      "file": "recommended_4leg.csv",
      "rows": 25,
      "hit_prob": {
        "min": 0.2150183560658265,
        "p01": 0.21578823210461537,
        "p05": 0.21849019881913706,
        "p25": 0.2308098667443365,
        "med": 0.2789657211268888,
        "p75": 0.3012198366062995,
        "p95": 0.3298691315923344,
        "max": 0.3800149240909802
      },
      "ev": {
        "min": 0.9742050969246288,
        "p01": 0.9785376723719011,
        "p05": 0.9932115479888304,
        "p25": 1.0488040412340476,
        "med": 1.3020796938237469,
        "p75": 1.3875498726579052,
        "p95": 1.5021110355411695,
        "max": 1.7193744573839376
      }
    },
    {
      "file": "recommended_4leg_winprob.csv",
      "rows": 25,
      "hit_prob": {
        "min": 0.2040426939986566,
        "p01": 0.20414014631838223,
        "p05": 0.20751277873015633,
        "p25": 0.2313679697390121,
        "med": 0.2771792840295144,
        "p75": 0.3012198366062995,
        "p95": 0.3298691315923344,
        "max": 0.3800149240909802
      },
      "ev": {
        "min": 2.0404269399865664,
        "p01": 2.0414014631838224,
        "p05": 2.0751277873015637,
        "p25": 2.313679697390121,
        "med": 2.7717928402951446,
        "p75": 3.012198366062995,
        "p95": 3.2986913159233446,
        "max": 3.800149240909802
      }
    },
    {
      "file": "recommended_5leg.csv",
      "rows": 25,
      "hit_prob": {
        "min": 0.1374558491585438,
        "p01": 0.13876459791373952,
        "p05": 0.14302061839904145,
        "p25": 0.1615754218268542,
        "med": 0.1888702253988765,
        "p75": 0.2408238067282685,
        "p95": 0.2585286978997893,
        "max": 0.3180976839343707
      },
      "ev": {
        "min": 0.8467919235911011,
        "p01": 0.8528806261776363,
        "p05": 0.8733702193257593,
        "p25": 0.9934199255582552,
        "med": 1.1695344759214803,
        "p75": 1.4983440022626722,
        "p95": 1.6014202509905193,
        "max": 1.967977964391168
      }
    },
    {
      "file": "recommended_5leg_winprob.csv",
      "rows": 25,
      "hit_prob": {
        "min": 0.1359039230745627,
        "p01": 0.13638048793660712,
        "p05": 0.13900513122135225,
        "p25": 0.1615754218268542,
        "med": 0.1888702253988765,
        "p75": 0.2408238067282685,
        "p95": 0.2585286978997893,
        "max": 0.3180976839343707
      },
      "ev": {
        "min": 2.718078461491254,
        "p01": 2.7276097587321426,
        "p05": 2.7801026244270464,
        "p25": 3.231508436537084,
        "med": 3.7774045079775314,
        "p75": 4.81647613456537,
        "p95": 5.170573957995786,
        "max": 6.361953678687415
      }
    },
    {
      "file": "System\\recommended_3leg.csv",
      "rows": 25,
      "hit_prob": {
        "min": 0.3148132727423692,
        "p01": 0.31549154711623106,
        "p05": 0.32023699341066614,
        "p25": 0.3356919674623238,
        "med": 0.3587363873681853,
        "p75": 0.4387242495435037,
        "p95": 0.4746287982719116,
        "max": 0.4843961696441735
      },
      "ev": {
        "min": 1.2765316414912986,
        "p01": 1.2768149072856076,
        "p05": 1.2890524835141357,
        "p25": 1.3754658066597374,
        "med": 1.470318782891667,
        "p75": 1.7603936614666904,
        "p95": 1.9237647526906614,
        "max": 1.9667545949919825
      }
    },
    {
      "file": "System\\recommended_3leg_winprob.csv",
      "rows": 25,
      "hit_prob": {
        "min": 0.3176394159667937,
        "p01": 0.3208324564374065,
        "p05": 0.3309692909031972,
        "p25": 0.3362407662788096,
        "med": 0.3587363873681853,
        "p75": 0.4387242495435037,
        "p95": 0.4746287982719116,
        "max": 0.4843961696441735
      },
      "ev": {
        "min": 1.905836495800762,
        "p01": 1.9249947386244388,
        "p05": 1.9858157454191832,
        "p25": 2.0174445976728577,
        "med": 2.152418324209112,
        "p75": 2.632345497261022,
        "p95": 2.84777278963147,
        "max": 2.906377017865041
      }
    },
    {
      "file": "System\\recommended_4leg.csv",
      "rows": 25,
      "hit_prob": {
        "min": 0.2150183560658265,
        "p01": 0.21578823210461537,
        "p05": 0.21849019881913706,
        "p25": 0.2308098667443365,
        "med": 0.2789657211268888,
        "p75": 0.3012198366062995,
        "p95": 0.3298691315923344,
        "max": 0.3800149240909802
      },
      "ev": {
        "min": 0.9742050969246288,
        "p01": 0.9785376723719011,
        "p05": 0.9932115479888304,
        "p25": 1.0488040412340476,
        "med": 1.3020796938237469,
        "p75": 1.3875498726579052,
        "p95": 1.5021110355411695,
        "max": 1.7193744573839376
      }
    },
    {
      "file": "System\\recommended_4leg_winprob.csv",
      "rows": 25,
      "hit_prob": {
        "min": 0.2040426939986566,
        "p01": 0.20414014631838223,