{
  "run_dir": "data\\output\\runs\\20260302_211935",
  "legs_rows": 3477,
  "p_cal": {
    "min": 0.03,
    "p01": 0.03746801758936676,
    "p05": 0.09065536780204218,
    "p25": 0.235958344995691,
    "med": 0.382607629781904,
    "p75": 0.521109732079994,
    "p95": 0.6851652459558237,
    "max": 0.9286386191989426
  },
  "p_adj": {
    "min": 0.03,
    "p01": 0.03746801758936676,
    "p05": 0.09065536780204218,
    "p25": 0.235958344995691,
    "med": 0.382607629781904,
    "p75": 0.521109732079994,
    "p95": 0.6851652459558237,
    "max": 0.9286386191989426
  },
  "p_for_cal": {
    "min": 0.03,
    "p01": 0.03746801758936676,
    "p05": 0.09065536780204218,
    "p25": 0.235958344995691,
    "med": 0.382607629781904,
    "p75": 0.521109732079994,
    "p95": 0.6851652459558237,
    "max": 0.9286386191989426
  },
  "games_used": {
    "min": 0,
    "p10": 38,
    "med": 50,
    "p90": 50,
    "max": 50
  },
  "slip_files": [
    "recommended_3leg.csv",
    "recommended_3leg_winprob.csv",
    "recommended_4leg.csv",
    "recommended_4leg_winprob.csv",
    "recommended_5leg.csv",
    "recommended_5leg_winprob.csv",
    "System\\recommended_3leg.csv",
    "System\\recommended_3leg_winprob.csv",
    "System\\recommended_4leg.csv",
    "System\\recommended_4leg_winprob.csv",
    "System\\recommended_5leg.csv",
    "System\\recommended_5leg_winprob.csv",
    "Windfall\\recommended_3leg.csv",
    "Windfall\\recommended_3leg_winprob.csv",
    "Windfall\\recommended_4leg.csv",
    "Windfall\\recommended_4leg_winprob.csv",
    "Windfall\\recommended_5leg.csv",
    "Windfall\\recommended_5leg_winprob.csv"
  ],
  "slips": [
    {
      "file": "recommended_3leg.csv",
      "rows": 25,
      "hit_prob": {
        "min": 0.1714699483698897,
        "p01": 0.17181043577518126,
        "p05": 0.17336321435579036,
        "p25": 0.1947152346079222,
        "med": 0.2112525361424629,
        "p75": 0.2241744247360554,
        "p95": 0.30089450131127204,
        "max": 0.3235005928864252
      },
      "ev": {
        "min": 1.2985222857945735,
        "p01": 1.3004144785057818,
        "p05": 1.3070411571216725,
        "p25": 1.377313992642738,
        "med": 1.4284682296946636,
        "p75": 1.477556815559289,
        "p95": 1.7086051521006995,
        "max": 1.7910077626013936
      }
    },
    {
      "file": "recommended_3leg_winprob.csv",
      "rows": 25,
      "hit_prob": {
        "min": 0.3726227617460511,
        "p01": 0.3733287061184087,
        "p05": 0.37632865742034244,
        "p25": 0.4088815870871103,
        "med": 0.4752168623732447,
        "p75": 0.5233597861611792,
        "p95": 0.5339811806535489,
        "max": 0.5387509969762216
      },
      "ev": {
        "min": 2.2357365704763064,
        "p01": 2.239972236710452,
        "p05": 2.2579719445220547,
        "p25": 2.453289522522662,
        "med": 2.8513011742394685,
        "p75": 3.140158716967075,
        "p95": 3.203887083921294,
        "max": 3.23250598185733
      }
    },
    {
      "file": "recommended_4leg.csv",
      "rows": 25,
      "hit_prob": {
        "min": 0.1222127977242222,
        "p01": 0.12587375597959535,
        "p05": 0.1381301722175173,
        "p25": 0.1611808454558227,
        "med": 0.2422784857001848,
        "p75": 0.2757957458074487,
        "p95": 0.2901991565465925,
        "max": 0.298001217458939
      },
      "ev": {
        "min": 1.070485478099735,
        "p01": 1.081104598381389,
        "p05": 1.1161392033505795,
        "p25": 1.2181948006948555,
        "med": 1.4785983688933502,
        "p75": 1.596240242967097,
        "p95": 1.6662384914379125,
        "max": 1.7201737282414833
      }
    },
    {
      "file": "recommended_4leg_winprob.csv",
      "rows": 25,
      "hit_prob": {
        "min": 0.2833339262284711,
        "p01": 0.28466866601866303,
        "p05": 0.28949433463024843,
        "p25": 0.3149043749834075,
        "med": 0.3672795591116688,
        "p75": 0.3803671023846497,
        "p95": 0.4037693924521551,
        "max": 0.4241026147900935
      },
      "ev": {
        "min": 2.833339262284711,
        "p01": 2.8466866601866303,
        "p05": 2.8949433463024845,
        "p25": 3.149043749834075,
        "med": 3.672795591116688,
        "p75": 3.803671023846497,
        "p95": 4.037693924521551,
        "max": 4.241026147900935
      }
    },
    {
      "file": "recommended_5leg.csv",
      "rows": 25,
      "hit_prob": {
        "min": 0.1692945886198941,
        "p01": 0.16939989002348138,
        "p05": 0.17105787177054632,
        "p25": 0.1864811637447406,
        "med": 0.1959350727628881,
        "p75": 0.2096168726504467,
        "p95": 0.22036252083123006,
        "max": 0.2330983897804806
      },
      "ev": {
        "min": 1.403231788849589,
        "p01": 1.4071987318224624,
        "p05": 1.4251794196249967,
        "p25": 1.4968182944453294,
        "med": 1.550738085427552,
        "p75": 1.6311533020880176,
        "p95": 1.720178645213123,
        "max": 1.7650949172954462
      }
    },
    {
      "file": "recommended_5leg_winprob.csv",
      "rows": 25,
      "hit_prob": {
        "min": 0.2067673179953591,
        "p01": 0.20832085461725627,
        "p05": 0.21336385860520413,
        "p25": 0.2337512050809093,
        "med": 0.2787090028308643,
        "p75": 0.2880240735262741,
        "p95": 0.31398849418236424,
        "max": 0.334505677648823
      },
      "ev": {
        "min": 4.135346359907183,
        "p01": 4.166417092345127,
        "p05": 4.267277172104084,
        "p25": 4.675024101618186,
        "med": 5.574180056617286,
        "p75": 5.760481470525482,
        "p95": 6.279769883647285,
        "max": 6.69011355297646
      }
    },
    {
      "file": "System\\recommended_3leg.csv",
      "rows": 25,
      "hit_prob": {
        "min": 0.1714699483698897,
        "p01": 0.17181043577518126,
        "p05": 0.17336321435579036,
        "p25": 0.1947152346079222,
        "med": 0.2112525361424629,
        "p75": 0.2241744247360554,
        "p95": 0.30089450131127204,
        "max": 0.3235005928864252
      },
      "ev": {
        "min": 1.2985222857945735,
        "p01": 1.3004144785057818,
        "p05": 1.3070411571216725,
        "p25": 1.377313992642738,
        "med": 1.4284682296946636,
        "p75": 1.477556815559289,
        "p95": 1.7086051521006995,
        "max": 1.7910077626013936
      }
    },
    {
      "file": "System\\recommended_3leg_winprob.csv",
      "rows": 25,
      "hit_prob": {
        "min": 0.3726227617460511,
        "p01": 0.3733287061184087,
        "p05": 0.37632865742034244,
        "p25": 0.4088815870871103,
        "med": 0.4752168623732447,
        "p75": 0.5233597861611792,
        "p95": 0.5339811806535489,
        "max": 0.5387509969762216
      },
      "ev": {
        "min": 2.2357365704763064,
        "p01": 2.239972236710452,
        "p05": 2.2579719445220547,
        "p25": 2.453289522522662,
        "med": 2.8513011742394685,
        "p75": 3.140158716967075,
        "p95": 3.203887083921294,
        "max": 3.23250598185733
      }
    },
    {
      "file": "System\\recommended_4leg.csv",
      "rows": 25,
      "hit_prob": {
        "min": 0.1222127977242222,
        "p01": 0.12587375597959535,
        "p05": 0.1381301722175173,
        "p25": 0.1611808454558227,
        "med": 0.2422784857001848,
        "p75": 0.2757957458074487,
        "p95": 0.2901991565465925,
        "max": 0.298001217458939
      },
      "ev": {
        "min": 1.070485478099735,
        "p01": 1.081104598381389,
        "p05": 1.1161392033505795,
        "p25": 1.2181948006948555,
        "med": 1.4785983688933502,
        "p75": 1.596240242967097,
        "p95": 1.6662384914379125,
        "max": 1.7201737282414833
      }
    },
    {
      "file": "System\\recommended_4leg_winprob.csv",
      "rows": 25,
      "hit_prob": {
        "min": 0.2833339262284711,
        "p01": 0.28466866601866303,
        "p05": 0.28949433463024843,