{
  "run_dir": "data\\output\\runs\\20260302_065636",
  "legs_rows": 2746,
  "p_cal": {
    "min": 0.0280943811237752,
    "p01": 0.03513382051095318,
    "p05": 0.08085176847856862,
    "p25": 0.2031517184333096,
    "med": 0.3408340901945861,
    "p75": 0.4863488916691062,
    "p95": 0.6766328842897302,
    "max": 0.8993201359728055
  },
  "p_adj": {
    "min": 0.03,
    "p01": 0.03458486721771,
    "p05": 0.08023442591553692,
    "p25": 0.1972255999869458,
    "med": 0.3334957937155219,
    "p75": 0.47610419586011316,
    "p95": 0.6494565414913964,
    "max": 0.8990659195772797
  },
  "p_for_cal": {
    "min": 0.0280943811237752,
    "p01": 0.03513382051095318,
    "p05": 0.08085176847856862,
    "p25": 0.2031517184333096,
    "med": 0.3408340901945861,
    "p75": 0.4863488916691062,
    "p95": 0.6766328842897302,
    "max": 0.8993201359728055
  },
  "games_used": {
    "min": 20,
    "p10": 20,
    "med": 20,
    "p90": 20,
    "max": 20
  },
  "slip_files": [
    "recommended_3leg.csv",
    "recommended_3leg_winprob.csv",
    "recommended_4leg.csv",
    "recommended_4leg_winprob.csv",
    "recommended_5leg.csv",
    "recommended_5leg_winprob.csv",
    "System\\recommended_3leg.csv",
    "System\\recommended_3leg_winprob.csv",
    "System\\recommended_4leg.csv",
    "System\\recommended_4leg_winprob.csv",
    "System\\recommended_5leg.csv",
    "System\\recommended_5leg_winprob.csv",
    "Windfall\\recommended_3leg.csv",
    "Windfall\\recommended_3leg_winprob.csv",
    "Windfall\\recommended_4leg.csv",
    "Windfall\\recommended_4leg_winprob.csv",
    "Windfall\\recommended_5leg.csv",
    "Windfall\\recommended_5leg_winprob.csv"
  ],
  "slips": [
    {
      "file": "recommended_3leg.csv",
      "rows": 25,
      "hit_prob": {
        "min": 0.3076967643540595,
        "p01": 0.3088546906172151,
        "p05": 0.3128081920341591,
        "p25": 0.3216523068429464,
        "med": 0.3301363136946379,
        "p75": 0.4050399205450004,
        "p95": 0.42563090501846146,
        "max": 0.446391910771813
      },
      "ev": {
        "min": 1.271006760654626,
        "p01": 1.2719948009625794,
        "p05": 1.2772646410356856,
        "p25": 1.303116686925416,
        "med": 1.335588768213121,
        "p75": 1.6463072718008596,
        "p95": 1.7294733872359538,
        "max": 1.815322118029053
      }
    },
    {
      "file": "recommended_3leg_winprob.csv",
      "rows": 25,
      "hit_prob": {
        "min": 0.3139551317019647,
        "p01": 0.3141812010885175,
        "p05": 0.3149846729721245,
        "p25": 0.3216523068429464,
        "med": 0.3301363136946379,
        "p75": 0.4050399205450004,
        "p95": 0.42563090501846146,
        "max": 0.446391910771813
      },
      "ev": {
        "min": 1.8837307902117884,
        "p01": 1.8850872065311053,
        "p05": 1.8899080378327473,
        "p25": 1.9299138410576784,
        "med": 1.9808178821678275,
        "p75": 2.4302395232700027,
        "p95": 2.553785430110769,
        "max": 2.6783514646308784
      }
    },
    {
      "file": "recommended_4leg.csv",
      "rows": 25,
      "hit_prob": {
        "min": 0.2099523998369561,
        "p01": 0.21071515320914905,
        "p05": 0.21410539870211304,
        "p25": 0.2244116566475198,
        "med": 0.2571613713445997,
        "p75": 0.2797197393416923,
        "p95": 0.332900043220132,
        "max": 0.3417207985377614
      },
      "ev": {
        "min": 0.9671492711140336,
        "p01": 0.970413953347951,
        "p05": 0.9851732147999803,
        "p25": 1.0247435428568428,
        "med": 1.180599887063147,
        "p75": 1.2817460159375835,
        "p95": 1.5297664235038824,
        "max": 1.5726205157465567
      }
    },
    {
      "file": "recommended_4leg_winprob.csv",
      "rows": 25,
      "hit_prob": {
        "min": 0.2099523998369561,
        "p01": 0.21184172839866874,
        "p05": 0.21786064933384536,
        "p25": 0.2244116566475198,
        "med": 0.2456871875580336,
        "p75": 0.2858392447467296,
        "p95": 0.332900043220132,
        "max": 0.3417207985377614
      },
      "ev": {
        "min": 2.099523998369561,
        "p01": 2.1184172839866875,
        "p05": 2.178606493338454,
        "p25": 2.244116566475198,
        "med": 2.4568718755803367,
        "p75": 2.8583924474672964,
        "p95": 3.3290004322013202,
        "max": 3.4172079853776145
      }
    },
    {
      "file": "recommended_5leg.csv",
      "rows": 25,
      "hit_prob": {
        "min": 0.1453570045571703,
        "p01": 0.1458184599984139,
        "p05": 0.14775297039809313,
        "p25": 0.1562020845438498,
        "med": 0.1726822754049522,
        "p75": 0.2019204259223924,
        "p95": 0.24356629224070392,
        "max": 0.2542761813011635
      },
      "ev": {
        "min": 0.9096371082954068,
        "p01": 0.9139254231117852,
        "p05": 0.9278210191503955,
        "p25": 0.9796085774745108,
        "med": 1.0543929089270103,
        "p75": 1.2593575675449544,
        "p95": 1.4868723096517276,
        "max": 1.4992432518118506
      }
    },
    {
      "file": "recommended_5leg_winprob.csv",
      "rows": 25,
      "hit_prob": {
        "min": 0.1461992986409816,
        "p01": 0.1464586035021105,
        "p05": 0.14775297039809313,
        "p25": 0.1562020845438498,
        "med": 0.1758282257318574,
        "p75": 0.2019204259223924,
        "p95": 0.24356629224070392,
        "max": 0.2542761813011635
      },
      "ev": {
        "min": 2.923985972819632,
        "p01": 2.92917207004221,
        "p05": 2.9550594079618633,
        "p25": 3.124041690876997,
        "med": 3.5165645146371483,
        "p75": 4.038408518447848,
        "p95": 4.871325844814079,
        "max": 5.085523626023271
      }
    },
    {
      "file": "System\\recommended_3leg.csv",
      "rows": 25,
      "hit_prob": {
        "min": 0.3076967643540595,
        "p01": 0.3088546906172151,
        "p05": 0.3128081920341591,
        "p25": 0.3216523068429464,
        "med": 0.3301363136946379,
        "p75": 0.4050399205450004,
        "p95": 0.42563090501846146,
        "max": 0.446391910771813
      },
      "ev": {
        "min": 1.271006760654626,
        "p01": 1.2719948009625794,
        "p05": 1.2772646410356856,
        "p25": 1.303116686925416,
        "med": 1.335588768213121,
        "p75": 1.6463072718008596,
        "p95": 1.7294733872359538,
        "max": 1.815322118029053
      }
    },
    {
      "file": "System\\recommended_3leg_winprob.csv",
      "rows": 25,
      "hit_prob": {
        "min": 0.3139551317019647,
        "p01": 0.3141812010885175,
        "p05": 0.3149846729721245,
        "p25": 0.3216523068429464,
        "med": 0.3301363136946379,
        "p75": 0.4050399205450004,
        "p95": 0.42563090501846146,
        "max": 0.446391910771813
      },
      "ev": {
        "min": 1.8837307902117884,
        "p01": 1.8850872065311053,
        "p05": 1.8899080378327473,
        "p25": 1.9299138410576784,
        "med": 1.9808178821678275,
        "p75": 2.4302395232700027,
        "p95": 2.553785430110769,
        "max": 2.6783514646308784
      }
    },
    {
      "file": "System\\recommended_4leg.csv",
      "rows": 25,
      "hit_prob": {
        "min": 0.2099523998369561,
        "p01": 0.21071515320914905,
        "p05": 0.21410539870211304,
        "p25": 0.2244116566475198,
        "med": 0.2571613713445997,
        "p75": 0.2797197393416923,
        "p95": 0.332900043220132,
        "max": 0.3417207985377614
      },
      "ev": {
        "min": 0.9671492711140336,
        "p01": 0.970413953347951,
        "p05": 0.9851732147999803,
        "p25": 1.0247435428568428,
        "med": 1.180599887063147,
        "p75": 1.2817460159375835,
        "p95": 1.5297664235038824,
        "max": 1.5726205157465567
      }
    },
    {
      "file": "System\\recommended_4leg_winprob.csv",
      "rows": 25,
      "hit_prob": {
        "min": 0.2099523998369561,
        "p01": 0.21184172839866874,