{
  "n": 71274,
  "brier_before": 0.22068146790540666,
  "brier_after": 0.2129158740517939,
  "ece10_before": 0.08417855533531111,
  "ece10_after": 0.00010963087472623821,
  "avg_p_before": 0.41582144466468884,
  "avg_p_after": 0.5000123996190904,
  "hit_rate": 0.5
}