{
  "mode": "isotonic_global",
  "candidate": "isotonic_global_p_cal",
  "meta": {
    "family": "isotonic_global",
    "source_col": "p_cal",
    "x_thresholds": [
      0.283727,
      0.285546,
      0.286799,
      0.298543,
      0.298605,
      0.30004,
      0.300087,
      0.301485,
      0.301504,
      0.309575,
      0.309584,
      0.310679,
      0.31068,
      0.312567,
      0.312641,
      0.329651,
      0.329713,
      0.330048,
      0.330122,
      0.339044,
      0.339065,
      0.355534,
      0.355549,
      0.359042,
      0.359059,
      0.360691,
      0.360742,
      0.366244,
      0.36625,
      0.372802,
      0.372807,
      0.375177,
      0.375273,
      0.375546,
      0.375595,
      0.380641,
      0.380703,
      0.403223,
      0.403296,
      0.604076,
      0.605107,
      0.614872
    ],
    "y_thresholds": [
      0.0,
      0.0,
      0.083333,
      0.083333,
      0.090909,
      0.090909,
      0.1,
      0.1,
      0.190722,
      0.190722,
      0.217391,
      0.217391,
      0.222222,
      0.222222,
      0.266949,
      0.266949,
      0.272727,
      0.272727,
      0.300429,
      0.300429,
      0.37587,
      0.37587,
      0.405797,
      0.405797,
      0.408163,
      0.408163,
      0.423611,
      0.423611,
      0.467626,
      0.467626,
      0.47619,
      0.47619,
      0.5,
      0.5,
      0.533981,
      0.533981,
      0.537585,
      0.537585,
      0.564955,
      0.564955,
      1.0,
      1.0
    ]
  },
  "pre_calibration": {
    "version": 2,
    "generated_at": "2026-03-25T01:35:00Z",
    "policy": {
      "apply_only_p_cal_src_prefixes": [
        "p_adj"
      ],
      "exclude_p_cal_src_prefixes": [],
      "cap": {
        "min": 0.01,
        "max": 0.99
      }
    },
    "base": {
      "k_shrink": 0.34,
      "standard_under_penalty": 1.02
    },
    "families": [
      {
        "name": "role_off",
        "role_ctx": "off",
        "mult": {
          "AST|OVER": 0.843032,
          "AST|UNDER": 1.2064,
          "FG3M|OVER": 0.834,
          "FG3M|UNDER": 1.16,
          "PA|OVER": 0.8736,
          "PA|UNDER": 1.2064,
          "PRA|OVER": 0.8736,
          "PRA|UNDER": 1.2064,
          "PR|OVER": 0.8736,
          "PR|UNDER": 1.2064,
          "PTS|OVER": 0.866171,
          "PTS|UNDER": 1.187009,
          "RA|OVER": 0.862108,
          "RA|UNDER": 1.2064,
          "REB|OVER": 0.851785,
          "REB|UNDER": 1.2064
        }
      },
      {
        "name": "role_on",
        "role_ctx": "on",
        "mult": {
          "AST|OVER": 0.843032,
          "AST|UNDER": 1.2064,
          "FG3M|OVER": 0.8757,
          "FG3M|UNDER": 1.16,
          "PA|OVER": 0.8736,
          "PA|UNDER": 1.2064,
          "PRA|OVER": 0.8736,
          "PRA|UNDER": 1.2064,
          "PR|OVER": 0.8736,
          "PR|UNDER": 1.2064,
          "PTS|OVER": 0.866171,
          "PTS|UNDER": 1.187009,
          "RA|OVER": 0.862108,
          "RA|UNDER": 1.2064,
          "REB|OVER": 0.851785,
          "REB|UNDER": 1.2064
        }
      },
      {
        "name": "p_adj_under_relief_cool",
        "p_cal_src_prefixes": [
          "p_adj_under_relief"
        ],
        "scale": 0.9
      }
    ]
  }
}