{
	"version": 1,
	"generated_at": "2026-03-17T20:29:15Z",
	"k_shrink": 0.96,
	"standard_under_penalty": 0.98,
	"mult": {},
	"mult_rolectx_on": {},
	"mult_rolectx_off": {
		"AST|OVER": 1.025948,
		"AST|UNDER": 1.028992,
		"FG3M|OVER": 0.97125,
		"PA|OVER": 1.047041,
		"PA|UNDER": 1.039669,
		"PRA|OVER": 1.048028,
		"PRA|UNDER": 1.040706,
		"PR|OVER": 1.047936,
		"PR|UNDER": 1.040385,
		"PTS|OVER": 1.025426,
		"PTS|UNDER": 1.040494,
		"RA|OVER": 1.047867,
		"RA|UNDER": 1.035294,
		"REB|OVER": 1.035026,
		"REB|UNDER": 1.034756
	},
	"bucket_rules": [],
	"cap": {"min": 0.01, "max": 0.99}
}
