category,mode,n_legs,slip_count,mean_hit_prob,mean_ev_mult,strict_win_rate,mean_q_leg_count
system,ev,3,225,0.414397,2.109382,0.1,
system,ev,4,225,0.304044,2.270899,0.075,
system,ev,5,225,0.228227,3.062651,0.035,
top,ev,3,225,0.414397,2.109382,0.1,
top,ev,4,225,0.304044,2.270899,0.075,
top,ev,5,225,0.228227,3.062651,0.035,
windfall,ev,3,225,0.269047,1.359141,0.055,
windfall,ev,4,225,0.184294,1.475023,0.03,
windfall,ev,5,225,0.147075,2.079112,0.015,
