run_id,mean_hit,mean_p_adj,mean_p_cal,brier_p_adj,brier_p_cal,games_used_lt5_share,role_ctx_outs_used_share
20260208_181344,0.473853,0.464014,,0.235092,,0.0,
20260209_141015,0.459227,0.469309,,0.228102,,0.022022,
20260210_120610,0.435121,0.493025,,0.234387,,0.005658,
20260211_130022,0.422708,0.473912,,0.238625,,0.012214,
20260212_130000,0.501838,0.467151,,0.191471,,0.0,
20260213_100903,0.375,0.47384,,0.223889,,0.0,
20260214_201921,0.416384,0.422487,,0.218897,,0.013412,
20260215_124850,0.429701,0.450559,,0.216298,,0.006236,
20260216_165807,0.412798,0.421605,,0.215865,,0.01363,
