run_id,eval_rows,settled_eval_rows,mean_hit,mean_p_adj,mean_p_cal,brier_p_adj,brier_p_cal,logloss_p_adj,logloss_p_cal,games_used_min,games_used_lt5_share,role_ctx_outs_used_share,questionable_share,q_out_frac_mean,p_cal_equal_p_adj_share
20260208_181344,1189,937,0.473853,0.464014,,0.235092,,0.671649,,12.0,0.0,,,,
20260209_141015,2770,2330,0.459227,0.469309,,0.228102,,0.660072,,0.0,0.022022,,,,
20260210_120610,1414,1156,0.435121,0.493025,,0.234387,,0.663037,,0.0,0.005658,,,,
20260211_130022,3930,3338,0.422708,0.473912,,0.238625,,0.688452,,0.0,0.012214,,,,
20260212_130000,735,544,0.501838,0.467151,,0.191471,,0.566233,,20.0,0.0,,,,
20260213_100903,50,32,0.375,0.47384,,0.223889,,0.636376,,20.0,0.0,,,,
20260214_201921,8276,7068,0.416384,0.422487,,0.218897,,0.629571,,0.0,0.013412,,,,
20260215_124850,2726,2276,0.429701,0.450559,,0.216298,,0.621784,,0.0,0.006236,,,,
20260216_165807,7557,6204,0.412798,0.421605,,0.215865,,0.621934,,0.0,0.01363,,,,
