{
  "version": 1,
  "generated_at": "2026-03-11T08:09:19Z",
  "k_shrink": 1.0,
  "standard_under_penalty": 1.0,
  "mult": {
    "AST|OVER": 0.997403,
    "FG3M|OVER": 0.972246,
    "PA|OVER": 1.012305,
    "PA|UNDER": 0.96,
    "PR|OVER": 0.992198,
    "PR|UNDER": 0.96,
    "PRA|OVER": 1.006307,
    "PRA|UNDER": 0.96,
    "PTS|OVER": 1.025372,
    "PTS|UNDER": 0.96,
    "RA|OVER": 0.962672,
    "RA|UNDER": 1.007604,
    "REB|OVER": 0.96,
    "REB|UNDER": 1.002467
  },
  "cap": {
    "min": 0.01,
    "max": 0.99
  }
}