{
  "version": 1,
  "generated_at": "2026-03-18T10:49:08.345941Z",
  "k_shrink": 0.96,
  "standard_under_penalty": 0.98,
  "mult": {},
  "mult_rolectx_on": {
    "AST|OVER": 1.0041436,
    "AST|UNDER": 1.0150000000000001,
    "FG3M|OVER": 0.9954712,
    "PA|OVER": 1.0102612,
    "PA|UNDER": 1.0150000000000001,
    "PRA|OVER": 1.0109113,
    "PRA|UNDER": 1.0150000000000001,
    "PR|OVER": 1.0090996,
    "PR|UNDER": 1.0150000000000001,
    "PTS|OVER": 1.00395505,
    "PTS|UNDER": 1.0150000000000001,
    "RA|OVER": 1.0150000000000001,
    "RA|UNDER": 1.007794,
    "REB|OVER": 1.00549165,
    "REB|UNDER": 1.0072885
  },
  "mult_rolectx_off": {
    "AST|OVER": 1.027624,
    "AST|UNDER": 1.1,
    "FG3M|OVER": 0.969808,
    "PA|OVER": 1.068408,
    "PA|UNDER": 1.1,
    "PRA|OVER": 1.072742,
    "PRA|UNDER": 1.1,
    "PR|OVER": 1.060664,
    "PR|UNDER": 1.1,
    "PTS|OVER": 1.026367,
    "PTS|UNDER": 1.1,
    "RA|OVER": 1.1,
    "RA|UNDER": 1.05196,
    "REB|OVER": 1.036611,
    "REB|UNDER": 1.04859
  },
  "bucket_rules": [],
  "apply_only_p_cal_src_prefixes": [
    "p_adj"
  ],
  "exclude_p_cal_src_prefixes": [],
  "cap": {
    "min": 0.01,
    "max": 0.99
  }
}