p_cal_src,rows,hit_rate,mean_pred,mean_p_adj,mean_p_cal,gap,abs_gap,brier,logloss
p_adj,33064,0.4147713525284297,0.38735928763299604,0.38735928763299604,0.38735928763299604,-0.027412064895433685,0.027412064895433685,0.21018202368604755,0.6072317533214433
p_role,7858,0.45596843980656654,0.4563569985582251,0.4126365524420584,0.4563569985582251,0.000388558751658552,0.000388558751658552,0.20836279408814745,0.6036146659812629
